,HPI,PERI
Mean,0.36802805466032035,9.091693625565993
Std,0.17427433889854893,5.404198354067649
Min,0.13726076804474624,1.425796621568784
Max,0.8056279947598265,22.867108839814676
